timestamp,open,high,low,close,volume
2025-05-26 16:26:00,109329.13,109329.13,109089.43,109136.37,100.7834
2025-05-26 16:27:00,109136.36,109290.0,109106.4,109261.8,77.3236
2025-05-26 16:28:00,109261.81,109363.64,109230.75,109232.23,46.16806
2025-05-26 16:29:00,109232.23,109346.51,109232.22,109331.9,14.55968
2025-05-26 16:30:00,109331.91,109331.91,109194.54,109194.55,25.5094
2025-05-26 16:31:00,109194.55,109255.04,109166.42,109199.58,15.47354
2025-05-26 16:32:00,109199.58,109313.97,109152.16,109313.59,13.87638
2025-05-26 16:33:00,109313.58,109405.63,109305.36,109348.77,17.99789
2025-05-26 16:34:00,109348.77,109361.91,109310.79,109328.21,20.00704
2025-05-26 16:35:00,109328.21,109420.47,109328.21,109411.73,17.28321
2025-05-26 16:36:00,109411.73,109411.73,109355.02,109355.03,7.57344
2025-05-26 16:37:00,109355.03,109359.45,109300.0,109300.0,22.00118
2025-05-26 16:38:00,109300.01,109379.17,109300.01,109343.41,20.19331
2025-05-26 16:39:00,109343.41,109511.76,109343.41,109507.33,64.96075
2025-05-26 16:40:00,109507.34,109573.83,109470.39,109540.08,41.03526
2025-05-26 16:41:00,109540.07,109577.26,109478.86,109556.81,31.88801
2025-05-26 16:42:00,109556.81,109619.03,109509.59,109596.83,23.10928
2025-05-26 16:43:00,109596.83,109619.05,109574.29,109606.09,11.5315
2025-05-26 16:44:00,109606.08,109606.08,109585.02,109585.04,2.44106
2025-05-26 16:45:00,109585.04,109642.02,109580.84,109620.51,13.12341
2025-05-26 16:46:00,109620.52,109652.18,109530.83,109541.79,17.82206
2025-05-26 16:47:00,109541.79,109541.79,109500.0,109510.24,7.17666
2025-05-26 16:48:00,109510.25,109525.68,109489.48,109511.01,6.40139
2025-05-26 16:49:00,109511.01,109525.67,109478.26,109478.27,3.86666
2025-05-26 16:50:00,109478.26,109478.27,109420.7,109420.7,11.79602
2025-05-26 16:51:00,109420.7,109420.71,109339.67,109368.32,23.05806
2025-05-26 16:52:00,109368.33,109386.88,109353.38,109386.36,7.6436
2025-05-26 16:53:00,109386.36,109474.26,109386.36,109438.41,5.27508
2025-05-26 16:54:00,109438.42,109438.42,109408.37,109408.39,5.48481
2025-05-26 16:55:00,109408.38,109424.68,109370.29,109424.66,4.2669
2025-05-26 16:56:00,109424.66,109428.49,109407.57,109428.48,4.50273
2025-05-26 16:57:00,109428.49,109478.27,109403.66,109403.66,11.12092
2025-05-26 16:58:00,109403.67,109403.67,109350.0,109350.0,7.48292
2025-05-26 16:59:00,109350.0,109405.54,109344.0,109391.37,7.74772
2025-05-26 17:00:00,109391.37,109391.37,109338.88,109359.51,5.82155
2025-05-26 17:01:00,109359.52,109469.03,109359.51,109437.44,15.24045
2025-05-26 17:02:00,109437.44,109556.25,109421.72,109556.25,23.78944
2025-05-26 17:03:00,109556.24,109693.24,109533.07,109616.73,31.50679
2025-05-26 17:04:00,109616.72,109653.49,109609.57,109609.57,6.76595
2025-05-26 17:05:00,109609.57,109609.58,109531.78,109565.29,12.67234
2025-05-26 17:06:00,109565.28,109565.29,109478.26,109531.39,13.57419
2025-05-26 17:07:00,109531.39,109531.4,109454.54,109454.55,4.64465
2025-05-26 17:08:00,109454.55,109491.16,109454.54,109484.02,6.71788
2025-05-26 17:09:00,109484.01,109484.02,109454.55,109454.56,4.43124
2025-05-26 17:10:00,109454.57,109454.57,109380.0,109409.03,17.73444
2025-05-26 17:11:00,109409.04,109431.86,109409.03,109431.86,3.95028
2025-05-26 17:12:00,109431.85,109431.86,109409.03,109428.22,1.71375
2025-05-26 17:13:00,109428.22,109438.48,109417.75,109436.59,4.73385
2025-05-26 17:14:00,109436.59,109467.79,109412.81,109454.51,7.09876
2025-05-26 17:15:00,109454.52,109520.0,109454.51,109492.96,12.30492
2025-05-26 17:16:00,109492.95,109492.96,109449.0,109449.0,5.20424
2025-05-26 17:17:00,109449.0,109449.01,109318.18,109318.19,9.22331
2025-05-26 17:18:00,109318.19,109318.19,109263.0,109272.78,16.18008
2025-05-26 17:19:00,109272.78,109300.91,109215.13,109300.91,16.24614
2025-05-26 17:20:00,109300.91,109432.13,109300.9,109410.14,26.2494
2025-05-26 17:21:00,109410.14,109430.77,109410.13,109430.77,1.23664
2025-05-26 17:22:00,109430.76,109430.77,109384.15,109394.47,3.33223
2025-05-26 17:23:00,109394.47,109409.1,109394.46,109409.09,2.77212
2025-05-26 17:24:00,109409.09,109409.1,109326.8,109326.8,3.11879
2025-05-26 17:25:00,109326.81,109340.53,109304.34,109314.7,9.15995
2025-05-26 17:26:00,109314.69,109335.09,109311.55,109335.09,4.7171
2025-05-26 17:27:00,109335.09,109341.96,109314.76,109329.46,4.58456
2025-05-26 17:28:00,109329.47,109360.22,109329.46,109342.32,3.95059
2025-05-26 17:29:00,109342.32,109376.31,109334.36,109370.27,4.47172
2025-05-26 17:30:00,109370.26,109380.96,109363.2,109371.53,4.16946
2025-05-26 17:31:00,109371.53,109371.53,109278.73,109316.47,8.6443
2025-05-26 17:32:00,109316.47,109400.0,109316.47,109380.96,7.34169
2025-05-26 17:33:00,109380.96,109424.0,109380.95,109424.0,4.52447
2025-05-26 17:34:00,109424.0,109434.79,109391.59,109391.6,10.32136
2025-05-26 17:35:00,109391.6,109391.6,109311.93,109311.93,8.8878
2025-05-26 17:36:00,109311.05,109311.06,109272.72,109272.72,14.67314
2025-05-26 17:37:00,109272.72,109309.27,109209.38,109258.94,19.62342
2025-05-26 17:38:00,109258.94,109308.96,109258.94,109308.96,6.44296
2025-05-26 17:39:00,109308.95,109333.34,109292.0,109304.35,3.59785
2025-05-26 17:40:00,109304.36,109304.36,109252.08,109267.6,4.17068
2025-05-26 17:41:00,109267.6,109272.72,109253.77,109272.72,5.7579
2025-05-26 17:42:00,109272.72,109273.23,109254.13,109273.22,5.75624
2025-05-26 17:43:00,109273.22,109273.22,109200.0,109200.01,12.23324
2025-05-26 17:44:00,109200.01,109204.76,109181.81,109204.76,7.19284
2025-05-26 17:45:00,109204.75,109204.76,109123.49,109123.5,15.39546
2025-05-26 17:46:00,109123.5,109136.37,108916.66,108934.92,57.5852
2025-05-26 17:47:00,108934.91,109039.25,108871.21,108926.59,54.92149
2025-05-26 17:48:00,108926.58,109053.59,108896.32,109008.08,46.48627
2025-05-26 17:49:00,109008.08,109008.09,108956.63,108996.91,12.73271
2025-05-26 17:50:00,108996.9,109127.88,108996.9,109086.96,46.3764
2025-05-26 17:51:00,109086.95,109086.96,109013.82,109032.72,11.05414
2025-05-26 17:52:00,109032.71,109123.47,109021.82,109123.46,13.96305
2025-05-26 17:53:00,109123.46,109128.43,109116.32,109128.43,5.22758
2025-05-26 17:54:00,109128.42,109137.87,109120.0,109128.91,8.50312
2025-05-26 17:55:00,109128.91,109186.02,109123.88,109147.81,9.63811
2025-05-26 17:56:00,109147.82,109198.8,109147.81,109191.11,6.33197
2025-05-26 17:57:00,109191.11,109191.12,109136.36,109136.36,7.50286
2025-05-26 17:58:00,109136.37,109181.39,109136.36,109166.85,5.26902
2025-05-26 17:59:00,109166.84,109171.91,109144.67,109171.91,5.67358
2025-05-26 18:00:00,109171.9,109178.89,109120.0,109125.48,11.20013
2025-05-26 18:01:00,109125.48,109125.48,109077.37,109077.37,5.62126
2025-05-26 18:02:00,109077.38,109097.21,109076.49,109076.49,2.777
2025-05-26 18:03:00,109076.49,109167.8,109028.8,109159.01,9.64041
2025-05-26 18:04:00,109159.01,109159.01,109100.57,109116.23,1.93226
2025-05-26 18:05:00,109116.23,109237.01,109116.23,109232.08,8.0338
2025-05-26 18:06:00,109232.08,109234.08,109156.85,109172.63,12.35856
2025-05-26 18:07:00,109172.63,109199.99,109156.17,109156.17,7.30378
2025-05-26 18:08:00,109156.17,109156.18,109100.57,109126.21,8.07785
2025-05-26 18:09:00,109126.2,109142.39,109090.9,109090.9,9.37314
2025-05-26 18:10:00,109090.91,109123.24,109079.04,109123.24,7.31066
2025-05-26 18:11:00,109123.25,109217.4,109121.54,109217.4,6.74792
2025-05-26 18:12:00,109217.4,109257.4,109202.41,109248.21,3.93856
2025-05-26 18:13:00,109248.21,109253.45,109244.28,109253.44,1.30622
2025-05-26 18:14:00,109253.45,109275.18,109247.43,109269.73,3.93056
2025-05-26 18:15:00,109269.72,109269.73,109231.63,109231.64,2.35847
2025-05-26 18:16:00,109231.64,109231.64,109176.38,109176.38,4.89889
2025-05-26 18:17:00,109176.39,109176.39,109124.47,109124.47,3.41626
2025-05-26 18:18:00,109124.48,109124.48,109072.0,109072.01,2.88667
2025-05-26 18:19:00,109072.01,109072.01,109011.0,109011.16,5.32956
2025-05-26 18:20:00,109011.15,109086.96,109010.97,109055.66,13.73718
2025-05-26 18:21:00,109055.66,109090.91,109055.65,109090.9,3.26789
2025-05-26 18:22:00,109090.91,109200.0,109090.9,109200.0,5.31535
2025-05-26 18:23:00,109200.0,109206.86,109149.84,109149.85,3.84834
2025-05-26 18:24:00,109149.85,109158.05,109149.84,109153.23,1.36982
2025-05-26 18:25:00,109153.23,109166.67,109142.85,109166.67,1.47814
2025-05-26 18:26:00,109166.66,109296.32,109166.66,109278.46,9.7624
2025-05-26 18:27:00,109278.47,109278.47,109260.86,109272.73,3.30412
2025-05-26 18:28:00,109272.72,109304.35,109260.86,109304.35,3.02004
2025-05-26 18:29:00,109304.35,109318.19,109292.01,109292.02,7.64063
2025-05-26 18:30:00,109292.02,109318.17,109292.01,109301.88,3.32877
2025-05-26 18:31:00,109301.88,109329.15,109301.88,109329.15,1.67161
2025-05-26 18:32:00,109329.15,109459.15,109329.14,109451.89,16.55294
2025-05-26 18:33:00,109451.9,109454.55,109404.74,109404.75,7.02372
2025-05-26 18:34:00,109404.75,109436.65,109404.74,109434.78,1.68688
2025-05-26 18:35:00,109434.79,109460.89,109420.0,109420.01,4.33603
2025-05-26 18:36:00,109420.01,109420.01,109409.09,109409.11,2.58986
2025-05-26 18:37:00,109409.11,109459.98,109409.1,109434.78,3.84545
2025-05-26 18:38:00,109434.78,109434.79,109377.2,109380.31,3.25848
2025-05-26 18:39:00,109380.31,109380.32,109347.63,109347.63,2.76352
2025-05-26 18:40:00,109347.64,109372.5,109347.63,109372.5,1.06796
2025-05-26 18:41:00,109372.5,109379.99,109372.49,109379.99,1.14166
2025-05-26 18:42:00,109379.98,109379.99,109350.82,109363.63,1.16466
2025-05-26 18:43:00,109363.64,109363.64,109321.03,109321.04,3.27777
2025-05-26 18:44:00,109321.04,109329.15,109292.01,109292.02,3.15505
2025-05-26 18:45:00,109292.02,109292.02,109168.0,109168.0,8.63705
2025-05-26 18:46:00,109168.01,109181.82,109142.85,109181.82,4.94071
2025-05-26 18:47:00,109181.81,109181.81,109154.05,109173.4,8.32908
2025-05-26 18:48:00,109173.4,109238.21,109173.4,109238.05,4.84787
2025-05-26 18:49:00,109238.04,109270.17,109227.11,109270.17,3.30819
2025-05-26 18:50:00,109270.16,109270.17,109190.47,109190.48,3.32919
2025-05-26 18:51:00,109190.48,109190.48,109168.18,109168.19,0.98542
2025-05-26 18:52:00,109168.19,109181.82,109168.18,109174.9,1.92782
2025-05-26 18:53:00,109174.9,109186.32,109173.91,109186.32,1.5623
2025-05-26 18:54:00,109186.32,109186.32,109164.74,109164.74,1.58295
2025-05-26 18:55:00,109164.75,109174.82,109142.85,109142.86,2.91939
2025-05-26 18:56:00,109142.86,109142.86,109090.9,109090.9,4.05917
2025-05-26 18:57:00,109090.9,109136.37,109090.9,109136.36,9.25259
2025-05-26 18:58:00,109136.36,109136.37,109060.0,109060.01,6.32674
2025-05-26 18:59:00,109060.0,109101.97,109060.0,109101.97,3.65313
2025-05-26 19:00:00,109101.96,109101.97,108925.1,108959.86,41.67813
2025-05-26 19:01:00,108959.86,109020.0,108959.85,109016.48,6.48768
2025-05-26 19:02:00,109016.49,109016.49,108956.74,108956.74,4.99442
2025-05-26 19:03:00,108956.74,108991.9,108956.74,108991.9,4.9912
2025-05-26 19:04:00,108991.9,109000.0,108971.52,109000.0,3.60787
2025-05-26 19:05:00,108999.99,109060.01,108999.99,109054.9,8.88808
2025-05-26 19:06:00,109054.91,109054.91,108988.32,109019.89,6.82849
2025-05-26 19:07:00,109019.89,109040.93,109009.62,109009.62,2.60128
2025-05-26 19:08:00,109009.63,109009.63,108990.38,108990.39,2.50553
2025-05-26 19:09:00,108990.38,109020.52,108990.38,109000.0,5.03315
2025-05-26 19:10:00,109000.0,109000.01,108960.64,108960.64,4.13969
2025-05-26 19:11:00,108960.64,108992.66,108960.64,108992.65,2.29412
2025-05-26 19:12:00,108992.65,109064.05,108992.65,109064.05,5.92898
2025-05-26 19:13:00,109064.04,109141.83,109064.04,109101.45,9.47939
2025-05-26 19:14:00,109101.45,109101.45,109045.01,109045.02,2.63243
2025-05-26 19:15:00,109045.01,109055.26,109032.0,109034.72,4.26982
2025-05-26 19:16:00,109034.71,109106.06,109034.71,109051.2,10.18248
2025-05-26 19:17:00,109051.2,109083.59,109017.75,109083.58,4.4079
2025-05-26 19:18:00,109083.58,109108.14,109074.66,109093.42,8.72436
2025-05-26 19:19:00,109093.43,109093.43,109045.45,109047.72,3.87947
2025-05-26 19:20:00,109047.72,109047.73,108970.0,108994.9,19.56776
2025-05-26 19:21:00,108994.9,109075.65,108994.9,109070.19,11.58683
2025-05-26 19:22:00,109070.19,109078.52,109048.73,109053.32,1.01251
2025-05-26 19:23:00,109053.31,109076.18,109053.31,109076.17,1.08675
2025-05-26 19:24:00,109076.17,109193.66,109076.17,109181.81,9.79706
2025-05-26 19:25:00,109181.81,109181.82,109173.91,109173.91,2.09547
2025-05-26 19:26:00,109173.92,109181.82,109173.91,109174.39,1.12124
2025-05-26 19:27:00,109174.39,109174.4,109140.0,109140.0,4.08804
2025-05-26 19:28:00,109140.0,109140.95,109140.0,109140.94,1.22812
2025-05-26 19:29:00,109140.95,109140.95,109107.37,109119.65,1.98624
2025-05-26 19:30:00,109119.66,109130.0,109098.27,109098.27,4.36854
2025-05-26 19:31:00,109098.28,109105.8,109062.11,109062.11,4.05843
2025-05-26 19:32:00,109062.12,109071.18,109045.45,109045.45,1.37791
2025-05-26 19:33:00,109045.46,109045.53,109028.93,109031.74,2.38653
2025-05-26 19:34:00,109031.73,109031.74,108979.54,108999.42,3.62523
2025-05-26 19:35:00,108999.42,109045.46,108999.42,109045.46,2.59513
2025-05-26 19:36:00,109045.45,109045.46,109004.45,109004.45,0.87586
2025-05-26 19:37:00,109004.46,109004.46,108961.13,108970.67,1.87038
2025-05-26 19:38:00,108970.67,108998.12,108970.66,108974.59,5.65294
2025-05-26 19:39:00,108974.6,108974.6,108858.28,108954.36,29.80835
2025-05-26 19:40:00,108954.36,108954.36,108904.76,108910.02,2.89309
2025-05-26 19:41:00,108910.02,108935.35,108910.01,108935.35,5.54613
2025-05-26 19:42:00,108935.34,108935.35,108879.54,108880.03,3.17775
2025-05-26 19:43:00,108880.03,108956.53,108880.02,108956.52,10.39369
2025-05-26 19:44:00,108956.52,109000.0,108956.52,108999.99,3.58831
2025-05-26 19:45:00,109000.0,109000.0,108967.97,108998.22,4.6165
2025-05-26 19:46:00,108998.21,109056.0,108989.09,109023.22,19.98859
2025-05-26 19:47:00,109023.22,109045.46,109016.05,109025.77,2.47659
2025-05-26 19:48:00,109025.77,109025.77,108956.7,108978.18,3.00272
2025-05-26 19:49:00,108978.18,109000.0,108978.17,109000.0,0.73344
2025-05-26 19:50:00,109000.0,109065.47,108999.99,109047.62,2.22035
2025-05-26 19:51:00,109047.62,109065.47,109043.47,109043.48,1.84474
2025-05-26 19:52:00,109043.48,109078.0,109043.47,109077.99,2.45102
2025-05-26 19:53:00,109077.99,109100.0,109077.99,109086.96,1.83826
2025-05-26 19:54:00,109086.95,109086.96,109081.3,109085.35,0.4928
2025-05-26 19:55:00,109085.35,109100.0,109085.34,109100.0,1.75312
2025-05-26 19:56:00,109099.99,109100.0,109089.15,109100.0,4.69607
2025-05-26 19:57:00,109100.0,109100.0,109089.08,109089.08,1.69927
2025-05-26 19:58:00,109089.09,109166.58,109089.08,109166.58,4.59469
2025-05-26 19:59:00,109166.57,109173.92,109130.43,109130.44,2.90934
2025-05-26 20:00:00,109130.44,109130.44,109044.17,109044.17,6.04269
2025-05-26 20:01:00,109044.17,109044.18,109020.8,109020.8,1.53556
2025-05-26 20:02:00,109020.8,109020.81,108980.0,108980.79,3.98285
2025-05-26 20:03:00,108980.79,109107.01,108980.78,109086.95,10.88721
2025-05-26 20:04:00,109086.95,109086.96,108986.28,108986.29,6.32163
2025-05-26 20:05:00,108986.28,108999.75,108940.0,108999.74,2.66118
2025-05-26 20:06:00,108999.75,109095.24,108999.74,109094.97,4.19134
2025-05-26 20:07:00,109094.98,109094.98,109047.92,109068.72,1.59787
2025-05-26 20:08:00,109068.71,109191.72,109068.71,109191.71,6.70408
2025-05-26 20:09:00,109191.72,109272.5,109186.56,109191.69,6.46317
2025-05-26 20:10:00,109191.69,109294.24,109191.69,109282.06,11.82147
2025-05-26 20:11:00,109282.06,109282.06,109196.37,109196.37,6.4199
2025-05-26 20:12:00,109196.37,109259.28,109196.37,109239.35,6.14758
2025-05-26 20:13:00,109239.36,109252.59,109239.35,109239.36,2.85822
2025-05-26 20:14:00,109239.36,109304.35,109239.36,109272.62,3.15393
2025-05-26 20:15:00,109272.61,109272.61,109260.86,109269.98,1.39596
2025-05-26 20:16:00,109269.99,109331.11,109260.86,109260.87,5.81135
2025-05-26 20:17:00,109260.87,109272.73,109260.86,109261.79,2.48304
2025-05-26 20:18:00,109261.8,109307.89,109261.79,109265.37,4.24317
2025-05-26 20:19:00,109265.37,109265.37,109248.09,109250.71,1.48553
2025-05-26 20:20:00,109250.71,109252.26,109195.6,109195.61,3.49859
2025-05-26 20:21:00,109195.61,109195.61,109152.74,109152.74,1.62789
2025-05-26 20:22:00,109152.74,109198.8,109152.74,109198.8,4.8056
2025-05-26 20:23:00,109198.79,109227.28,109198.79,109227.27,2.06026
2025-05-26 20:24:00,109227.27,109238.1,109217.39,109238.08,1.52174
2025-05-26 20:25:00,109238.08,109267.19,109194.28,109266.41,18.40207
2025-05-26 20:26:00,109266.41,109315.27,109244.61,109304.34,2.57221
2025-05-26 20:27:00,109304.35,109304.35,109227.27,109238.04,2.13103
2025-05-26 20:28:00,109238.05,109246.77,109238.05,109238.99,0.60182
2025-05-26 20:29:00,109238.99,109280.0,109238.99,109279.99,1.52634
2025-05-26 20:30:00,109279.99,109318.19,109279.99,109281.42,5.8708
2025-05-26 20:31:00,109281.41,109281.42,109241.04,109241.05,4.5707
2025-05-26 20:32:00,109241.04,109287.27,109241.04,109281.16,2.34865
2025-05-26 20:33:00,109281.17,109360.0,109273.14,109347.83,3.35668
2025-05-26 20:34:00,109347.83,109363.64,109347.82,109363.63,1.95973
2025-05-26 20:35:00,109363.64,109428.58,109363.63,109428.58,5.24145
2025-05-26 20:36:00,109428.57,109476.2,109428.57,109456.99,8.48499
2025-05-26 20:37:00,109456.99,109464.84,109443.45,109451.03,2.71186
2025-05-26 20:38:00,109451.02,109492.0,109443.44,109488.54,5.69901
2025-05-26 20:39:00,109488.54,109488.55,109428.57,109472.24,7.11276
2025-05-26 20:40:00,109472.24,109624.85,109472.23,109529.59,27.86715
2025-05-26 20:41:00,109529.59,109529.59,109473.91,109473.91,3.04582
2025-05-26 20:42:00,109473.92,109473.92,109396.6,109453.48,5.41769
2025-05-26 20:43:00,109453.49,109489.2,109415.2,109454.54,3.61167
2025-05-26 20:44:00,109454.54,109454.55,109422.16,109449.64,0.95133
2025-05-26 20:45:00,109449.65,109498.77,109449.65,109467.92,3.63335
2025-05-26 20:46:00,109467.93,109467.93,109409.09,109416.7,5.40995
2025-05-26 20:47:00,109416.69,109421.95,109400.0,109404.85,1.59613
2025-05-26 20:48:00,109404.85,109418.11,109397.73,109397.74,4.43591
2025-05-26 20:49:00,109397.74,109478.85,109397.73,109436.44,20.64418
2025-05-26 20:50:00,109436.44,109444.0,109378.56,109386.21,16.7227
2025-05-26 20:51:00,109386.22,109421.83,109386.22,109421.82,3.99571
2025-05-26 20:52:00,109421.82,109421.83,109391.3,109418.44,3.59313
2025-05-26 20:53:00,109418.44,109493.99,109418.44,109493.85,16.24885
2025-05-26 20:54:00,109493.85,109517.49,109462.56,109488.95,10.06533
2025-05-26 20:55:00,109488.94,109499.37,109463.02,109499.36,3.96747
2025-05-26 20:56:00,109499.37,109516.51,109482.62,109516.5,2.77533
2025-05-26 20:57:00,109516.51,109521.74,109516.5,109521.74,2.22306
2025-05-26 20:58:00,109521.73,109571.43,109521.73,109528.03,15.17008
2025-05-26 20:59:00,109528.04,109608.7,109528.04,109606.5,4.78415
2025-05-26 21:00:00,109606.5,109646.45,109595.38,109630.16,8.1324
2025-05-26 21:01:00,109630.16,109630.16,109516.79,109516.8,14.94367
2025-05-26 21:02:00,109516.8,109516.8,109500.0,109500.0,1.39852
2025-05-26 21:03:00,109500.01,109500.01,109430.65,109430.65,6.36672
2025-05-26 21:04:00,109430.66,109450.9,109409.09,109409.09,3.84814
2025-05-26 21:05:00,109409.1,109409.1,109391.3,109391.31,2.15609
2025-05-26 21:06:00,109391.31,109391.31,109363.63,109385.15,5.80547
2025-05-26 21:07:00,109385.16,109409.1,109363.64,109363.64,3.68578
2025-05-26 21:08:00,109363.65,109409.1,109347.82,109373.36,11.33501
2025-05-26 21:09:00,109373.36,109405.34,109363.72,109399.42,5.83344
2025-05-26 21:10:00,109399.41,109399.42,109352.33,109363.64,4.94266
2025-05-26 21:11:00,109363.64,109377.96,109347.82,109349.35,3.20919
2025-05-26 21:12:00,109349.36,109375.87,109349.36,109353.13,2.14627
2025-05-26 21:13:00,109353.14,109353.14,109318.18,109321.4,5.88069
2025-05-26 21:14:00,109321.41,109368.33,109321.4,109355.98,7.41921
2025-05-26 21:15:00,109355.99,109360.0,109333.74,109360.0,3.02254
2025-05-26 21:16:00,109360.0,109371.53,109356.8,109356.8,3.01424
2025-05-26 21:17:00,109356.81,109356.81,109329.37,109329.38,2.28645
2025-05-26 21:18:00,109329.37,109338.69,109285.72,109285.72,6.93093
2025-05-26 21:19:00,109285.72,109285.73,109192.15,109230.94,13.72869
2025-05-26 21:20:00,109230.93,109230.94,109165.62,109165.62,3.98379
2025-05-26 21:21:00,109165.62,109190.22,109136.36,109190.22,7.32967
2025-05-26 21:22:00,109190.22,109241.92,109190.21,109241.91,4.13689
2025-05-26 21:23:00,109241.92,109272.69,109230.9,109230.9,4.2534
2025-05-26 21:24:00,109230.9,109230.91,109183.71,109183.72,1.52002
2025-05-26 21:25:00,109183.71,109183.71,109145.4,109164.46,5.46213
2025-05-26 21:26:00,109164.46,109223.03,109164.46,109223.02,3.18867
2025-05-26 21:27:00,109223.02,109337.22,109223.02,109316.49,6.25615
2025-05-26 21:28:00,109316.49,109330.27,109290.68,109290.68,2.15967
2025-05-26 21:29:00,109290.69,109318.19,109290.69,109304.34,1.79219
2025-05-26 21:30:00,109304.35,109304.35,109272.72,109284.38,3.19397
2025-05-26 21:31:00,109284.38,109338.69,109284.37,109338.69,3.90627
2025-05-26 21:32:00,109338.69,109434.79,109338.68,109422.15,6.72181
2025-05-26 21:33:00,109422.16,109422.16,109380.95,109380.96,2.80173
2025-05-26 21:34:00,109380.96,109428.58,109375.44,109428.58,2.40284
2025-05-26 21:35:00,109428.57,109496.52,109428.57,109467.91,12.26336
2025-05-26 21:36:00,109467.92,109467.92,109462.61,109462.61,2.42368
2025-05-26 21:37:00,109462.62,109462.62,109372.78,109404.16,5.09561
2025-05-26 21:38:00,109404.16,109404.16,109351.15,109351.15,2.65527
2025-05-26 21:39:00,109351.16,109351.16,109304.34,109339.86,6.80109
2025-05-26 21:40:00,109339.87,109350.51,109250.13,109250.13,5.74781
2025-05-26 21:41:00,109250.13,109250.14,109180.0,109208.54,6.73251
2025-05-26 21:42:00,109208.54,109215.36,109180.0,109180.01,1.44451
2025-05-26 21:43:00,109180.01,109203.29,109180.0,109203.28,2.9131
2025-05-26 21:44:00,109203.28,109260.87,109181.82,109191.78,7.5409
2025-05-26 21:45:00,109191.78,109231.38,109189.82,109191.03,2.28534
2025-05-26 21:46:00,109191.03,109191.04,109180.0,109180.0,1.9622
2025-05-26 21:47:00,109180.0,109205.46,109180.0,109205.45,2.51068
2025-05-26 21:48:00,109205.46,109213.18,109205.45,109213.18,1.87245
2025-05-26 21:49:00,109213.17,109255.32,109213.17,109255.31,3.38214
2025-05-26 21:50:00,109255.32,109255.32,109244.82,109244.83,1.51613
2025-05-26 21:51:00,109244.83,109257.29,109244.82,109257.29,1.81893
2025-05-26 21:52:00,109257.29,109276.54,109241.67,109241.68,4.2929
2025-05-26 21:53:00,109241.68,109262.96,109241.68,109262.96,1.99648
2025-05-26 21:54:00,109262.95,109262.96,109262.95,109262.96,1.57565
2025-05-26 21:55:00,109262.95,109329.84,109262.95,109329.84,5.95428
2025-05-26 21:56:00,109329.84,109362.43,109321.59,109321.6,3.87848
2025-05-26 21:57:00,109321.59,109359.92,109321.59,109357.91,5.44958
2025-05-26 21:58:00,109357.91,109395.15,109357.9,109395.15,5.32593
2025-05-26 21:59:00,109395.14,109395.15,109316.93,109346.68,9.70515
2025-05-26 22:00:00,109346.68,109363.64,109307.78,109307.78,14.00801
2025-05-26 22:01:00,109307.79,109391.31,109307.79,109384.0,15.76864
2025-05-26 22:02:00,109384.0,109448.77,109372.65,109448.77,12.48828
2025-05-26 22:03:00,109448.77,109476.19,109434.79,109462.11,4.95174
2025-05-26 22:04:00,109462.11,109493.65,109454.54,109454.55,3.35494
2025-05-26 22:05:00,109454.55,109470.97,109440.77,109440.77,2.73619
2025-05-26 22:06:00,109440.77,109454.55,109440.77,109440.84,2.0133
2025-05-26 22:07:00,109440.84,109440.84,109385.52,109419.37,6.89607
2025-05-26 22:08:00,109419.36,109424.44,109396.25,109396.25,3.79145
2025-05-26 22:09:00,109396.25,109396.26,109384.36,109384.36,2.51915
2025-05-26 22:10:00,109384.37,109482.56,109384.37,109482.56,9.34149
2025-05-26 22:11:00,109482.55,109540.18,109476.19,109540.17,15.55786
2025-05-26 22:12:00,109540.17,109604.68,109540.17,109604.68,6.85836
2025-05-26 22:13:00,109604.67,109888.89,109604.67,109840.0,53.87916
2025-05-26 22:14:00,109840.0,109848.44,109684.0,109684.0,16.71153
2025-05-26 22:15:00,109684.01,109739.14,109684.0,109739.13,5.1454
2025-05-26 22:16:00,109739.13,109739.14,109655.31,109655.31,6.52128
2025-05-26 22:17:00,109655.32,109681.81,109626.78,109629.77,9.08775
2025-05-26 22:18:00,109629.78,109637.97,109532.51,109532.51,4.83475
2025-05-26 22:19:00,109532.52,109580.0,109524.42,109524.42,5.05907
2025-05-26 22:20:00,109524.42,109524.43,109476.63,109492.76,6.99958
2025-05-26 22:21:00,109492.76,109600.0,109492.76,109572.43,14.4543
2025-05-26 22:22:00,109572.44,109572.44,109538.0,109538.0,2.46894
2025-05-26 22:23:00,109538.01,109545.46,109480.23,109480.23,3.56021
2025-05-26 22:24:00,109480.23,109496.67,109478.26,109487.41,2.26625
2025-05-26 22:25:00,109487.42,109514.48,109487.42,109500.01,4.75334
2025-05-26 22:26:00,109500.01,109519.0,109498.81,109498.81,2.37124
2025-05-26 22:27:00,109498.82,109498.82,109478.26,109478.26,2.5831
2025-05-26 22:28:00,109478.26,109514.56,109478.26,109505.23,5.42396
2025-05-26 22:29:00,109505.22,109520.0,109488.64,109488.65,2.36845
2025-05-26 22:30:00,109488.65,109488.65,109488.64,109488.64,1.87781
2025-05-26 22:31:00,109488.64,109571.43,109488.64,109568.1,9.94107
2025-05-26 22:32:00,109568.1,109590.91,109565.21,109565.21,2.33805
2025-05-26 22:33:00,109565.22,109565.22,109461.53,109461.54,4.41623
2025-05-26 22:34:00,109461.54,109472.97,109461.53,109472.96,2.50083
2025-05-26 22:35:00,109472.97,109472.97,109400.0,109400.01,5.69574
2025-05-26 22:36:00,109400.01,109423.64,109400.01,109414.81,3.24845
2025-05-26 22:37:00,109414.81,109419.7,109383.68,109419.69,7.34591
2025-05-26 22:38:00,109419.7,109419.7,109391.3,109403.24,4.40185
2025-05-26 22:39:00,109403.24,109403.24,109365.17,109365.18,3.71214
2025-05-26 22:40:00,109365.17,109365.18,109347.82,109347.82,2.0502
2025-05-26 22:41:00,109347.83,109372.65,109347.82,109372.65,4.46719
2025-05-26 22:42:00,109372.64,109372.65,109354.01,109372.04,2.7372
2025-05-26 22:43:00,109372.03,109372.04,109372.0,109372.01,1.09093
2025-05-26 22:44:00,109372.0,109414.19,109351.58,109405.42,18.44291
2025-05-26 22:45:00,109405.43,109418.59,109396.11,109418.59,1.967
2025-05-26 22:46:00,109419.08,109419.09,109377.0,109377.01,1.72368
2025-05-26 22:47:00,109377.01,109377.01,109363.63,109363.64,1.90146
2025-05-26 22:48:00,109363.63,109363.64,109333.34,109333.35,6.60326
2025-05-26 22:49:00,109333.35,109333.35,109272.72,109272.73,6.05412
2025-05-26 22:50:00,109272.73,109272.73,109203.34,109203.34,6.95121
2025-05-26 22:51:00,109203.35,109236.57,109203.35,109224.01,5.70423
2025-05-26 22:52:00,109224.01,109224.02,109173.91,109173.92,14.4992
2025-05-26 22:53:00,109173.92,109224.37,109173.91,109224.36,8.3998
2025-05-26 22:54:00,109224.37,109224.37,109199.69,109199.69,2.27485
2025-05-26 22:55:00,109199.7,109224.36,109199.7,109224.35,2.33011
2025-05-26 22:56:00,109224.36,109224.36,109220.84,109220.85,0.40859
2025-05-26 22:57:00,109220.85,109220.85,109180.0,109195.99,3.79192
2025-05-26 22:58:00,109195.98,109213.44,109195.98,109208.01,3.94533
2025-05-26 22:59:00,109208.01,109208.02,109190.47,109190.48,1.35412
2025-05-26 23:00:00,109190.47,109200.0,109171.01,109196.02,5.6601
2025-05-26 23:01:00,109196.01,109196.01,109128.72,109128.72,7.02887
2025-05-26 23:02:00,109128.72,109128.73,109057.74,109119.99,11.70375
2025-05-26 23:03:00,109119.99,109217.39,109119.98,109217.38,5.42721
2025-05-26 23:04:00,109217.39,109226.0,109192.91,109192.91,4.06209
2025-05-26 23:05:00,109192.91,109192.92,109143.72,109178.95,4.70816
2025-05-26 23:06:00,109178.94,109234.67,109176.06,109234.66,2.16121
2025-05-26 23:07:00,109234.66,109272.73,109230.0,109272.72,2.93503
2025-05-26 23:08:00,109272.73,109318.19,109272.72,109317.96,9.89681
2025-05-26 23:09:00,109317.97,109344.16,109317.96,109325.77,4.69827
2025-05-26 23:10:00,109325.77,109325.77,109296.94,109324.53,3.66334
2025-05-26 23:11:00,109324.52,109347.83,109310.82,109338.0,4.04528
2025-05-26 23:12:00,109338.0,109338.0,109320.32,109323.49,3.19911
2025-05-26 23:13:00,109323.49,109340.0,109323.48,109324.03,1.00894
2025-05-26 23:14:00,109324.02,109325.97,109320.34,109320.35,1.50042
2025-05-26 23:15:00,109320.35,109320.36,109296.08,109296.08,2.34349
2025-05-26 23:16:00,109296.08,109296.09,109247.04,109272.72,3.57837
2025-05-26 23:17:00,109272.73,109303.84,109272.73,109303.83,2.18992
2025-05-26 23:18:00,109303.83,109318.19,109274.05,109274.05,1.96618
2025-05-26 23:19:00,109274.05,109340.84,109260.86,109332.53,2.14511
2025-05-26 23:20:00,109332.54,109332.54,109166.71,109197.11,17.74663
2025-05-26 23:21:00,109197.11,109240.44,109195.04,109230.0,1.96266
2025-05-26 23:22:00,109230.01,109231.77,109183.16,109200.0,3.23657
2025-05-26 23:23:00,109200.0,109226.07,109200.0,109207.79,1.89131
2025-05-26 23:24:00,109207.79,109207.79,109142.85,109154.49,3.43014
2025-05-26 23:25:00,109154.48,109154.49,109146.01,109146.02,0.50166
2025-05-26 23:26:00,109146.01,109249.38,109143.0,109238.31,29.08958
2025-05-26 23:27:00,109238.31,109238.31,109204.64,109212.48,1.45296
2025-05-26 23:28:00,109212.49,109220.81,109200.0,109212.61,1.78686
2025-05-26 23:29:00,109212.61,109220.61,109212.61,109218.86,0.46854
2025-05-26 23:30:00,109218.85,109242.31,109218.85,109220.74,1.38362
2025-05-26 23:31:00,109220.74,109255.69,109186.71,109190.76,23.00155
2025-05-26 23:32:00,109190.76,109260.87,109190.75,109253.05,4.90852
2025-05-26 23:33:00,109253.04,109272.73,109241.41,109272.73,2.83623
2025-05-26 23:34:00,109272.73,109339.55,109272.72,109339.54,5.60619
2025-05-26 23:35:00,109339.54,109339.54,109288.68,109299.6,1.84615
2025-05-26 23:36:00,109299.6,109380.96,109299.6,109363.21,6.04542
2025-05-26 23:37:00,109363.22,109368.14,109320.96,109320.97,3.09519
2025-05-26 23:38:00,109320.97,109330.63,109304.34,109323.43,3.37567
2025-05-26 23:39:00,109323.43,109341.63,109323.42,109334.0,3.44257
2025-05-26 23:40:00,109334.01,109334.01,109312.84,109318.18,1.52259
2025-05-26 23:41:00,109318.18,109339.23,109318.18,109339.23,1.97068
2025-05-26 23:42:00,109339.22,109372.02,109339.22,109372.01,3.64185
2025-05-26 23:43:00,109372.02,109372.02,109318.18,109318.19,2.70762
2025-05-26 23:44:00,109318.19,109334.7,109318.19,109334.7,2.13315
2025-05-26 23:45:00,109334.7,109336.67,109318.18,109323.66,2.99965
2025-05-26 23:46:00,109323.65,109339.0,109323.65,109338.99,0.32196
2025-05-26 23:47:00,109339.0,109409.1,109338.99,109409.1,3.44598
2025-05-26 23:48:00,109409.1,109418.72,109389.41,109389.41,4.89202
2025-05-26 23:49:00,109389.41,109399.49,109389.41,109399.49,1.14415
2025-05-26 23:50:00,109399.49,109409.1,109391.3,109391.3,2.78984
2025-05-26 23:51:00,109391.31,109395.55,109391.3,109391.31,0.96898
2025-05-26 23:52:00,109391.31,109427.37,109391.31,109427.37,8.79235
2025-05-26 23:53:00,109427.37,109461.51,109427.37,109458.92,4.32123
2025-05-26 23:54:00,109458.92,109458.92,109408.9,109409.1,12.38829
2025-05-26 23:55:00,109409.1,109434.54,109401.23,109401.24,1.72585
2025-05-26 23:56:00,109401.23,109401.24,109391.3,109394.14,1.80238
2025-05-26 23:57:00,109394.14,109409.1,109384.82,109409.09,5.64688
2025-05-26 23:58:00,109409.09,109417.57,109409.09,109417.56,0.5254
2025-05-26 23:59:00,109417.56,109466.06,109417.56,109434.79,3.88664
2025-05-27 00:00:00,109434.78,109454.55,109392.52,109392.52,2.73521
2025-05-27 00:01:00,109392.52,109418.64,109391.3,109418.63,1.98721
2025-05-27 00:02:00,109418.63,109426.94,109364.0,109419.99,8.36733
2025-05-27 00:03:00,109419.99,109452.71,109364.83,109364.83,13.94084
2025-05-27 00:04:00,109364.83,109372.73,109347.83,109347.86,3.13518
2025-05-27 00:05:00,109347.86,109409.1,109347.86,109404.96,2.92439
2025-05-27 00:06:00,109404.95,109404.96,109350.02,109369.98,1.91267
2025-05-27 00:07:00,109369.98,109404.96,109333.33,109404.96,5.38447
2025-05-27 00:08:00,109404.96,109414.84,109365.12,109385.44,1.86887
2025-05-27 00:09:00,109385.45,109434.79,109385.45,109434.78,1.61211
2025-05-27 00:10:00,109434.79,109434.79,109389.14,109434.78,11.26635
2025-05-27 00:11:00,109434.78,109488.0,109434.78,109487.99,9.66363
2025-05-27 00:12:00,109488.0,109505.44,109478.86,109480.0,12.0072
2025-05-27 00:13:00,109480.01,109480.01,109478.26,109478.27,4.96863
2025-05-27 00:14:00,109478.27,109521.74,109478.26,109496.66,17.06411
2025-05-27 00:15:00,109496.66,109580.0,109496.65,109570.42,18.99419
2025-05-27 00:16:00,109570.43,109600.0,109558.02,109599.98,3.29381
2025-05-27 00:17:00,109599.99,109634.13,109599.98,109632.04,7.68968
2025-05-27 00:18:00,109632.03,109666.0,109545.45,109545.45,26.83575
2025-05-27 00:19:00,109545.45,109545.45,109456.0,109477.79,26.72185
2025-05-27 00:20:00,109477.8,109477.8,109345.36,109345.36,9.60661
2025-05-27 00:21:00,109345.36,109363.64,109322.54,109350.75,5.1293
2025-05-27 00:22:00,109350.76,109350.76,109300.0,109300.01,9.881
2025-05-27 00:23:00,109300.01,109433.64,109300.0,109418.07,13.48203
2025-05-27 00:24:00,109418.07,109454.55,109404.61,109421.82,3.11658
2025-05-27 00:25:00,109421.82,109448.41,109402.12,109402.13,5.64155
2025-05-27 00:26:00,109402.12,109418.57,109377.76,109410.02,3.55005
2025-05-27 00:27:00,109410.02,109410.02,109363.63,109373.95,0.83122
2025-05-27 00:28:00,109373.95,109373.95,109373.94,109373.94,0.20838
2025-05-27 00:29:00,109373.94,109383.62,109373.94,109380.28,0.99816
2025-05-27 00:30:00,109380.29,109380.29,109326.08,109326.08,2.14484
2025-05-27 00:31:00,109326.09,109342.86,109319.51,109342.86,1.3674
2025-05-27 00:32:00,109342.86,109357.27,109318.18,109318.19,2.13357
2025-05-27 00:33:00,109318.19,109323.05,109308.51,109316.01,2.53252
2025-05-27 00:34:00,109316.02,109318.19,109300.0,109318.19,4.25482
2025-05-27 00:35:00,109318.18,109318.18,109303.42,109306.14,1.61132
2025-05-27 00:36:00,109306.14,109312.0,109272.73,109272.73,1.5589
2025-05-27 00:37:00,109272.73,109288.48,109272.73,109288.47,2.05728
2025-05-27 00:38:00,109288.48,109363.18,109288.48,109348.36,15.65439
2025-05-27 00:39:00,109348.37,109363.64,109289.75,109289.76,8.71264
2025-05-27 00:40:00,109289.76,109289.76,109227.27,109227.28,11.80239
2025-05-27 00:41:00,109227.28,109236.14,109227.27,109236.13,10.77771
2025-05-27 00:42:00,109236.14,109280.9,109236.14,109280.9,8.78046
2025-05-27 00:43:00,109280.9,109290.54,109261.01,109261.02,2.69293
2025-05-27 00:44:00,109261.02,109278.0,109261.01,109262.0,6.22699
2025-05-27 00:45:00,109262.0,109263.42,109238.09,109263.42,12.16016
2025-05-27 00:46:00,109263.41,109302.04,109263.41,109290.96,17.61762
2025-05-27 00:47:00,109290.97,109290.97,109227.28,109227.28,4.07152
2025-05-27 00:48:00,109227.29,109239.35,109217.39,109239.34,11.73549
2025-05-27 00:49:00,109239.34,109239.35,109209.85,109209.85,4.13851
2025-05-27 00:50:00,109209.85,109217.4,109209.85,109217.4,8.6571
2025-05-27 00:51:00,109217.4,109217.4,109173.91,109195.06,24.69202
2025-05-27 00:52:00,109195.07,109216.71,109191.51,109191.51,14.10918
2025-05-27 00:53:00,109191.52,109241.16,109191.51,109241.16,7.85719
2025-05-27 00:54:00,109241.15,109257.54,109241.15,109253.33,7.25555
2025-05-27 00:55:00,109253.33,109253.34,109168.05,109168.05,12.61613
2025-05-27 00:56:00,109168.05,109197.93,109165.52,109166.29,15.3708
2025-05-27 00:57:00,109166.3,109166.3,109150.63,109150.64,9.12457
2025-05-27 00:58:00,109150.64,109150.64,109137.45,109137.46,4.17583
2025-05-27 00:59:00,109137.46,109150.64,109128.72,109136.37,11.56552
2025-05-27 01:00:00,109136.37,109136.37,109107.11,109107.12,17.7881
2025-05-27 01:01:00,109107.12,109134.96,109090.9,109090.91,4.89014
2025-05-27 01:02:00,109090.91,109106.09,109072.33,109100.64,23.18602
2025-05-27 01:03:00,109100.63,109100.64,109003.24,109003.25,28.415
2025-05-27 01:04:00,109003.25,109003.25,108950.14,108950.15,21.46078
2025-05-27 01:05:00,108950.15,108978.88,108906.73,108978.88,22.38153
2025-05-27 01:06:00,108978.88,108978.88,108912.04,108930.48,22.19096
2025-05-27 01:07:00,108930.48,109000.0,108901.99,108986.41,28.57548
2025-05-27 01:08:00,108986.42,108986.42,108942.59,108958.96,15.10908
2025-05-27 01:09:00,108958.97,109016.0,108928.39,108928.4,27.10127
2025-05-27 01:10:00,108928.39,108993.5,108900.0,108900.01,32.16852
2025-05-27 01:11:00,108900.0,108956.53,108900.0,108933.46,28.16175
2025-05-27 01:12:00,108933.46,108986.03,108900.01,108971.8,20.87824
2025-05-27 01:13:00,108971.79,108971.8,108879.53,108915.48,34.43585
2025-05-27 01:14:00,108915.48,108930.33,108683.08,108723.26,91.85978
2025-05-27 01:15:00,108723.26,108739.14,108378.0,108378.01,177.77321
2025-05-27 01:16:00,108378.01,108489.36,108344.94,108469.4,92.52928
2025-05-27 01:17:00,108469.4,108550.4,108326.18,108329.99,54.1369
2025-05-27 01:18:00,108329.99,108370.81,108220.0,108358.58,78.84276
2025-05-27 01:19:00,108358.57,108385.68,108100.0,108150.94,70.2416
2025-05-27 01:20:00,108150.95,108181.82,107883.06,107893.32,123.52144
2025-05-27 01:21:00,107893.32,107999.99,107810.45,107920.0,90.886
2025-05-27 01:22:00,107919.99,107920.0,107634.96,107664.29,120.5019
2025-05-27 01:23:00,107664.29,107812.93,107551.3,107658.98,107.37682
2025-05-27 01:24:00,107658.98,108061.74,107516.57,108035.41,133.08359
2025-05-27 01:25:00,108035.4,108048.0,107854.02,107936.77,36.60382
2025-05-27 01:26:00,107936.77,108046.32,107910.79,108041.3,19.96446
2025-05-27 01:27:00,108041.3,108356.98,108041.29,108288.22,85.30486
2025-05-27 01:28:00,108288.21,108355.84,108225.05,108298.29,28.56649
2025-05-27 01:29:00,108298.29,108385.57,108260.33,108355.99,16.28386
2025-05-27 01:30:00,108355.99,108565.22,108284.88,108524.53,64.29294
2025-05-27 01:31:00,108524.53,108564.94,108434.78,108538.72,25.74131
2025-05-27 01:32:00,108538.72,108583.62,108500.0,108547.66,24.36636
2025-05-27 01:33:00,108547.67,108591.55,108508.32,108571.83,17.25161
2025-05-27 01:34:00,108571.83,108636.37,108542.0,108571.82,53.03909
2025-05-27 01:35:00,108571.81,108635.0,108560.59,108622.58,9.51656
2025-05-27 01:36:00,108622.58,108622.58,108460.0,108463.68,27.25686
2025-05-27 01:37:00,108463.68,108539.29,108456.0,108494.62,14.3398
2025-05-27 01:38:00,108494.62,108494.62,108400.0,108406.0,19.42561
2025-05-27 01:39:00,108406.0,108476.2,108405.99,108446.81,10.37982
2025-05-27 01:40:00,108446.8,108503.45,108426.18,108460.02,14.69919
2025-05-27 01:41:00,108460.01,108460.02,108400.0,108400.0,10.45441
2025-05-27 01:42:00,108400.01,108400.01,108252.01,108252.01,29.49791
2025-05-27 01:43:00,108252.01,108304.35,108200.97,108304.34,22.04228
2025-05-27 01:44:00,108304.34,108363.5,108268.37,108363.5,9.45912
2025-05-27 01:45:00,108363.49,108396.0,108301.68,108359.99,20.30702
2025-05-27 01:46:00,108360.0,108364.0,108181.48,108181.49,26.36635
2025-05-27 01:47:00,108181.49,108260.91,108181.49,108249.18,5.26374
2025-05-27 01:48:00,108249.18,108383.0,108238.42,108332.53,36.06272
2025-05-27 01:49:00,108332.53,108407.98,108301.31,108379.99,41.74157
2025-05-27 01:50:00,108380.0,108400.0,108356.32,108387.78,10.61971
2025-05-27 01:51:00,108387.79,108387.79,108308.0,108308.01,17.75368
2025-05-27 01:52:00,108308.0,108308.01,108182.15,108272.73,32.37913
2025-05-27 01:53:00,108272.73,108333.34,108272.72,108333.34,13.48197
2025-05-27 01:54:00,108333.33,108344.27,108312.91,108338.0,9.73212
2025-05-27 01:55:00,108338.0,108347.83,108264.36,108264.36,3.66697
2025-05-27 01:56:00,108264.36,108303.78,108244.0,108265.99,28.55589
2025-05-27 01:57:00,108266.0,108333.34,108265.99,108333.34,21.37829
2025-05-27 01:58:00,108333.34,108411.52,108333.33,108391.94,15.86437
2025-05-27 01:59:00,108391.94,108409.1,108363.63,108385.31,13.14812
2025-05-27 02:00:00,108385.32,108409.1,108313.94,108381.07,12.00824
2025-05-27 02:01:00,108381.07,108428.58,108357.59,108428.58,7.52336
2025-05-27 02:02:00,108428.57,108502.68,108393.02,108502.67,15.01657
2025-05-27 02:03:00,108502.67,108521.74,108464.54,108499.99,13.94798
2025-05-27 02:04:00,108500.0,108500.0,108391.3,108399.99,11.11473
2025-05-27 02:05:00,108400.0,108400.0,108318.18,108318.18,10.40586
2025-05-27 02:06:00,108318.19,108434.79,108318.19,108409.09,13.91428
2025-05-27 02:07:00,108409.09,108422.67,108363.63,108363.64,11.66085
2025-05-27 02:08:00,108363.63,108405.19,108318.18,108405.18,10.07315
2025-05-27 02:09:00,108405.19,108409.1,108356.64,108386.0,7.04166
2025-05-27 02:10:00,108386.0,108386.0,108302.48,108302.48,16.83991
2025-05-27 02:11:00,108302.48,108316.19,108272.72,108316.18,8.7111
2025-05-27 02:12:00,108316.19,108316.19,108289.0,108306.0,3.35963
2025-05-27 02:13:00,108306.0,108363.64,108306.0,108363.63,5.04414
2025-05-27 02:14:00,108363.64,108391.31,108363.63,108363.83,8.10367
2025-05-27 02:15:00,108363.83,108391.31,108320.0,108391.31,5.94137
2025-05-27 02:16:00,108391.31,108467.61,108376.92,108376.92,8.88734
2025-05-27 02:17:00,108376.92,108376.92,108301.0,108323.92,4.47407
2025-05-27 02:18:00,108323.93,108323.93,108255.44,108297.8,56.03984
2025-05-27 02:19:00,108297.81,108369.0,108297.8,108369.0,6.26755
2025-05-27 02:20:00,108369.0,108369.0,108338.28,108339.04,2.74886
2025-05-27 02:21:00,108339.04,108380.06,108304.66,108375.04,5.0617
2025-05-27 02:22:00,108375.04,108391.31,108366.72,108391.3,3.45061
2025-05-27 02:23:00,108391.31,108500.01,108391.3,108499.97,24.61784
2025-05-27 02:24:00,108499.98,108499.98,108499.97,108499.98,1.03852
2025-05-27 02:25:00,108499.97,108499.98,108468.51,108477.54,7.05409
2025-05-27 02:26:00,108477.53,108602.19,108477.53,108600.96,29.44748
2025-05-27 02:27:00,108600.97,108607.01,108491.68,108524.37,20.4098
2025-05-27 02:28:00,108524.37,108572.58,108524.37,108572.57,3.57505
2025-05-27 02:29:00,108572.58,108584.54,108572.57,108584.54,1.29103
2025-05-27 02:30:00,108584.54,108584.54,108548.93,108578.23,3.36609
2025-05-27 02:31:00,108578.24,108578.24,108556.74,108571.43,4.41818
2025-05-27 02:32:00,108571.42,108571.43,108546.1,108561.74,1.63943
2025-05-27 02:33:00,108561.73,108582.75,108550.23,108582.75,1.65185
2025-05-27 02:34:00,108582.74,108649.0,108581.92,108615.52,31.74918
2025-05-27 02:35:00,108615.52,108659.0,108611.2,108623.9,22.13052
2025-05-27 02:36:00,108623.91,108697.94,108623.9,108680.28,23.63001
2025-05-27 02:37:00,108680.29,108681.82,108667.82,108681.81,1.13838
2025-05-27 02:38:00,108681.81,108681.82,108636.36,108636.37,4.47435
2025-05-27 02:39:00,108636.37,108645.54,108574.9,108585.76,15.60648
2025-05-27 02:40:00,108585.77,108585.77,108461.03,108469.77,20.75939
2025-05-27 02:41:00,108469.77,108470.47,108438.53,108452.55,13.44802
2025-05-27 02:42:00,108452.56,108490.88,108452.55,108489.91,3.08749
2025-05-27 02:43:00,108489.91,108540.55,108489.91,108522.62,5.99418
2025-05-27 02:44:00,108522.63,108522.63,108510.08,108520.93,1.01232
2025-05-27 02:45:00,108520.93,108531.5,108492.46,108492.46,1.55606
2025-05-27 02:46:00,108492.47,108504.83,108478.26,108504.82,1.91613
2025-05-27 02:47:00,108504.83,108504.83,108444.0,108444.01,8.04163
2025-05-27 02:48:00,108444.01,108444.01,108367.0,108391.23,21.78709
2025-05-27 02:49:00,108391.24,108391.24,108350.65,108372.13,6.2709
2025-05-27 02:50:00,108372.12,108372.13,108093.27,108093.28,55.66301
2025-05-27 02:51:00,108093.28,108117.24,107938.12,107938.13,60.8837
2025-05-27 02:52:00,107938.12,108012.57,107894.95,108012.57,50.38651
2025-05-27 02:53:00,108012.57,108143.82,108012.57,108143.82,20.54969
2025-05-27 02:54:00,108143.82,108252.46,108143.81,108217.39,21.30784
2025-05-27 02:55:00,108217.4,108246.52,108160.71,108226.87,15.52457
2025-05-27 02:56:00,108226.87,108276.66,108181.82,108276.66,23.58616
2025-05-27 02:57:00,108276.66,108305.5,108220.01,108277.01,21.95234
2025-05-27 02:58:00,108277.01,108300.0,108260.86,108278.04,17.31365
2025-05-27 02:59:00,108278.03,108278.03,108260.86,108272.72,3.0188
2025-05-27 03:00:00,108272.73,108353.97,108268.0,108353.96,14.36615
2025-05-27 03:01:00,108353.97,108400.0,108278.56,108369.48,27.91922
2025-05-27 03:02:00,108369.48,108434.79,108369.48,108423.16,10.08738
2025-05-27 03:03:00,108423.16,108591.36,108423.16,108580.6,42.18291
2025-05-27 03:04:00,108580.61,108610.81,108499.19,108499.19,44.28103
2025-05-27 03:05:00,108499.2,108758.16,108496.2,108758.16,36.56643
2025-05-27 03:06:00,108758.18,108813.58,108637.38,108667.97,15.93927
2025-05-27 03:07:00,108667.98,108754.36,108665.52,108754.35,7.07446
2025-05-27 03:08:00,108754.35,108754.36,108681.81,108714.28,6.59724
2025-05-27 03:09:00,108714.29,108772.72,108698.65,108714.66,7.61161
2025-05-27 03:10:00,108714.67,108714.67,108680.0,108708.04,4.80018
2025-05-27 03:11:00,108708.05,108754.09,108693.49,108754.08,12.55925
2025-05-27 03:12:00,108754.08,109029.76,108754.08,108999.99,99.49983
2025-05-27 03:13:00,109000.0,109059.73,108947.35,109043.26,37.69879
2025-05-27 03:14:00,109043.26,109045.46,108920.87,108937.04,20.51147
2025-05-27 03:15:00,108937.04,109020.0,108937.04,109002.45,17.88051
2025-05-27 03:16:00,109002.44,109082.11,108947.0,108987.76,36.29764
2025-05-27 03:17:00,108987.76,109298.43,108943.64,109172.01,85.90029
2025-05-27 03:18:00,109172.01,109207.34,109130.43,109130.44,24.02155
2025-05-27 03:19:00,109130.43,109199.14,109086.95,109186.04,32.72577
2025-05-27 03:20:00,109186.05,109186.05,108984.0,108987.48,61.14929
2025-05-27 03:21:00,108987.48,108998.05,108943.82,108979.25,32.74836
2025-05-27 03:22:00,108979.26,108983.89,108944.63,108969.99,18.9415
2025-05-27 03:23:00,108969.99,108969.99,108941.0,108945.5,4.46281
2025-05-27 03:24:00,108945.51,108964.03,108939.02,108939.03,2.36734
2025-05-27 03:25:00,108939.02,108949.36,108939.0,108939.01,1.64527
2025-05-27 03:26:00,108939.01,108953.84,108939.0,108953.83,1.43402
2025-05-27 03:27:00,108953.83,108954.55,108916.11,108921.56,8.42065
2025-05-27 03:28:00,108921.56,108940.0,108893.66,108902.92,11.67861
2025-05-27 03:29:00,108902.92,108956.53,108897.38,108897.38,12.60375
2025-05-27 03:30:00,108897.39,108913.9,108882.48,108906.68,10.16423
2025-05-27 03:31:00,108906.67,108929.6,108884.25,108922.62,22.59122
2025-05-27 03:32:00,108922.62,108944.09,108922.62,108928.73,6.77339
2025-05-27 03:33:00,108928.73,109025.29,108928.73,108972.16,35.03002
2025-05-27 03:34:00,108972.17,109045.46,108972.16,109027.49,12.03851
2025-05-27 03:35:00,109027.5,109027.5,108942.67,108945.81,16.42511
2025-05-27 03:36:00,108945.81,108963.65,108942.19,108953.59,10.23206
2025-05-27 03:37:00,108953.6,108968.75,108953.6,108962.0,2.94138
2025-05-27 03:38:00,108962.01,108979.16,108958.15,108958.15,2.29578
2025-05-27 03:39:00,108958.16,108958.16,108950.51,108954.55,7.24024
2025-05-27 03:40:00,108954.55,108969.28,108882.56,108900.15,11.88572
2025-05-27 03:41:00,108900.15,108919.67,108897.52,108909.09,7.19344
2025-05-27 03:42:00,108909.09,108909.1,108869.56,108899.29,22.99635
2025-05-27 03:43:00,108899.29,109007.56,108899.28,109007.56,22.38359
2025-05-27 03:44:00,109005.18,109050.0,108950.39,108950.39,7.51393
2025-05-27 03:45:00,108950.4,108990.81,108950.39,108956.52,5.76049
2025-05-27 03:46:00,108956.52,108956.53,108909.09,108937.52,9.25608
2025-05-27 03:47:00,108937.53,108937.55,108886.38,108893.27,19.11803
2025-05-27 03:48:00,108893.27,108920.0,108888.0,108909.1,7.1616
2025-05-27 03:49:00,108909.09,108951.48,108907.52,108950.85,2.92808
2025-05-27 03:50:00,108950.85,108973.01,108920.52,108920.53,14.08803
2025-05-27 03:51:00,108920.53,108940.0,108913.04,108923.2,7.82299
2025-05-27 03:52:00,108923.21,108928.0,108913.04,108913.05,1.52715
2025-05-27 03:53:00,108913.04,108913.05,108888.89,108903.79,19.32317
2025-05-27 03:54:00,108903.79,108932.25,108889.96,108907.11,18.51751
2025-05-27 03:55:00,108907.11,108948.47,108907.11,108908.8,3.83581
2025-05-27 03:56:00,108908.8,108908.82,108904.76,108904.76,2.87938
2025-05-27 03:57:00,108904.77,108910.06,108889.42,108910.05,4.31364
2025-05-27 03:58:00,108910.05,108910.06,108851.06,108909.1,29.80042
2025-05-27 03:59:00,108909.1,108909.1,108873.31,108892.16,16.78542
2025-05-27 04:00:00,108892.15,108909.1,108892.15,108895.25,5.70343
2025-05-27 04:01:00,108895.26,108900.34,108863.63,108881.99,27.94977
2025-05-27 04:02:00,108881.98,108954.55,108881.98,108918.04,10.9527
2025-05-27 04:03:00,108918.04,108944.45,108918.03,108944.45,1.2763
2025-05-27 04:04:00,108944.44,108944.45,108863.63,108887.69,15.92013
2025-05-27 04:05:00,108887.69,108895.85,108870.9,108895.84,17.73731
2025-05-27 04:06:00,108895.85,109031.7,108895.84,109031.69,7.48146
2025-05-27 04:07:00,109031.69,109086.96,109001.06,109062.12,9.83461
2025-05-27 04:08:00,109062.11,109062.12,108957.01,108965.19,4.12218
2025-05-27 04:09:00,108965.18,108991.15,108956.53,108991.14,2.55953
2025-05-27 04:10:00,108991.15,109041.01,108991.14,109012.13,7.04902
2025-05-27 04:11:00,109012.12,109012.12,108973.84,108978.28,3.07724
2025-05-27 04:12:00,108978.28,108984.74,108978.28,108984.73,1.72551
2025-05-27 04:13:00,108984.73,108984.74,108974.72,108974.72,0.65465
2025-05-27 04:14:00,108974.72,108974.72,108943.65,108943.66,2.37696
2025-05-27 04:15:00,108943.66,108943.66,108940.0,108940.01,3.73588
2025-05-27 04:16:00,108940.01,108940.01,108914.72,108922.36,1.95606
2025-05-27 04:17:00,108922.36,108933.25,108922.35,108933.25,1.77902
2025-05-27 04:18:00,108933.24,108982.27,108933.24,108960.85,4.97049
2025-05-27 04:19:00,108960.86,108960.86,108930.32,108960.0,3.58408
2025-05-27 04:20:00,108959.99,108965.39,108959.99,108965.39,1.86015
2025-05-27 04:21:00,108965.38,108989.44,108965.38,108989.43,2.01399
2025-05-27 04:22:00,108989.44,109136.16,108989.44,109135.2,14.66264
2025-05-27 04:23:00,109135.21,109135.21,109055.37,109055.38,10.98889
2025-05-27 04:24:00,109055.38,109055.38,109047.74,109047.75,0.73767
2025-05-27 04:25:00,109047.75,109123.84,109047.74,109067.2,4.48684
2025-05-27 04:26:00,109067.21,109070.98,109052.48,109052.54,2.86657
2025-05-27 04:27:00,109052.55,109052.55,109048.94,109048.95,3.8224
2025-05-27 04:28:00,109048.94,109048.95,109037.4,109037.4,5.33163
2025-05-27 04:29:00,109037.4,109051.94,109037.4,109051.93,2.7915
2025-05-27 04:30:00,109051.94,109086.96,109051.82,109051.82,13.94929
2025-05-27 04:31:00,109051.83,109083.52,109051.82,109060.97,6.87958
2025-05-27 04:32:00,109060.96,109060.97,109000.0,109000.0,17.36251
2025-05-27 04:33:00,109000.0,109055.13,109000.0,109055.12,6.56858
2025-05-27 04:34:00,109055.12,109107.07,109055.12,109107.07,4.53076
2025-05-27 04:35:00,109107.06,109150.69,109107.06,109150.69,6.54933
2025-05-27 04:36:00,109150.68,109174.83,109133.98,109148.65,11.94304
2025-05-27 04:37:00,109148.65,109175.99,109148.65,109173.31,18.10325
2025-05-27 04:38:00,109173.3,109173.31,109144.34,109164.4,7.12587
2025-05-27 04:39:00,109164.4,109164.4,109059.74,109061.12,38.8846
2025-05-27 04:40:00,109061.12,109217.4,109061.12,109217.39,19.05147
2025-05-27 04:41:00,109217.39,109217.4,109180.0,109180.0,13.02491
2025-05-27 04:42:00,109180.0,109180.01,109111.26,109111.26,11.96667
2025-05-27 04:43:00,109111.26,109111.27,109111.26,109111.26,1.76239
2025-05-27 04:44:00,109111.27,109120.02,109109.11,109109.11,7.5143
2025-05-27 04:45:00,109109.11,109118.7,109109.11,109118.69,2.65169
2025-05-27 04:46:00,109118.7,109218.53,109118.69,109218.53,17.63523
2025-05-27 04:47:00,109218.53,109280.25,109218.53,109270.42,18.42363
2025-05-27 04:48:00,109270.43,109355.11,109229.08,109354.5,34.56391
2025-05-27 04:49:00,109354.51,109354.51,109273.49,109273.52,44.20834
2025-05-27 04:50:00,109273.52,109299.47,109273.52,109299.46,16.16487
2025-05-27 04:51:00,109299.46,109318.18,109241.0,109241.0,25.23026
2025-05-27 04:52:00,109241.01,109241.01,109149.83,109158.18,34.15695
2025-05-27 04:53:00,109158.19,109177.15,109158.18,109160.95,3.6082
2025-05-27 04:54:00,109160.95,109160.96,109070.03,109070.03,17.4444
2025-05-27 04:55:00,109070.04,109070.04,108978.11,108994.84,19.68325
2025-05-27 04:56:00,108994.83,108994.84,108920.36,108920.36,5.58028
2025-05-27 04:57:00,108920.37,108974.09,108920.36,108972.8,9.92371
2025-05-27 04:58:00,108972.81,108984.08,108923.88,108923.88,3.5924
2025-05-27 04:59:00,108923.88,108952.65,108923.88,108952.65,4.37567
2025-05-27 05:00:00,108952.64,108952.65,108952.64,108952.65,1.01216
2025-05-27 05:01:00,108952.65,108952.65,108943.02,108947.2,2.6407
2025-05-27 05:02:00,108947.19,108953.13,108936.79,108936.8,6.84001
2025-05-27 05:03:00,108936.8,108956.08,108888.04,108893.16,32.25651
2025-05-27 05:04:00,108893.16,108899.21,108881.45,108881.45,5.03401
2025-05-27 05:05:00,108881.46,108881.46,108818.18,108818.19,7.22321
2025-05-27 05:06:00,108818.18,108834.64,108809.52,108834.63,3.23933
2025-05-27 05:07:00,108834.64,108949.39,108834.63,108948.17,16.79981
2025-05-27 05:08:00,108948.17,108948.17,108856.97,108905.1,83.37024
2025-05-27 05:09:00,108905.1,108921.65,108861.37,108861.37,22.0579
2025-05-27 05:10:00,108861.37,108905.61,108832.14,108891.4,39.03167
2025-05-27 05:11:00,108891.4,108905.67,108848.75,108852.39,30.10334
2025-05-27 05:12:00,108852.39,108869.57,108824.68,108848.59,10.95764
2025-05-27 05:13:00,108848.59,108860.87,108848.58,108852.5,7.33558
2025-05-27 05:14:00,108852.5,108899.31,108852.49,108888.44,5.86631
2025-05-27 05:15:00,108888.43,108896.04,108831.65,108831.65,4.20075
2025-05-27 05:16:00,108831.66,108831.66,108734.69,108734.7,15.46724
2025-05-27 05:17:00,108734.69,108734.7,108624.71,108625.59,25.36132
2025-05-27 05:18:00,108625.6,108692.26,108601.04,108692.26,15.79406
2025-05-27 05:19:00,108692.25,108692.25,108622.47,108622.47,24.44229
2025-05-27 05:20:00,108622.48,108700.0,108620.0,108681.4,14.78732
2025-05-27 05:21:00,108681.4,108739.14,108681.4,108701.07,21.15154
2025-05-27 05:22:00,108701.06,108701.06,108653.33,108654.42,8.81567
2025-05-27 05:23:00,108654.42,108715.19,108654.41,108681.3,12.14981
2025-05-27 05:24:00,108681.3,108681.77,108657.29,108681.75,6.37931
2025-05-27 05:25:00,108681.76,108681.76,108652.17,108652.17,7.08504
2025-05-27 05:26:00,108652.17,108668.17,108652.17,108668.17,0.87303
2025-05-27 05:27:00,108668.17,108677.71,108574.61,108574.62,15.21831
2025-05-27 05:28:00,108574.61,108660.06,108550.0,108660.05,9.5214
2025-05-27 05:29:00,108660.05,108695.66,108657.34,108657.34,11.12172
2025-05-27 05:30:00,108657.34,108692.44,108626.0,108692.43,8.36362
2025-05-27 05:31:00,108692.44,108720.0,108692.43,108716.71,8.27727
2025-05-27 05:32:00,108716.71,108735.92,108716.71,108735.91,3.52281
2025-05-27 05:33:00,108735.92,108735.92,108632.78,108632.79,12.90946
2025-05-27 05:34:00,108632.79,108632.79,108550.0,108595.2,24.23097
2025-05-27 05:35:00,108595.2,108722.06,108595.19,108722.06,4.10342
2025-05-27 05:36:00,108722.06,108752.73,108695.65,108752.72,6.75023
2025-05-27 05:37:00,108752.72,108764.0,108739.13,108739.14,4.62103
2025-05-27 05:38:00,108739.14,108739.14,108714.78,108714.78,5.09346
2025-05-27 05:39:00,108714.79,108716.0,108714.78,108715.99,0.78448
2025-05-27 05:40:00,108715.99,108761.9,108715.99,108747.99,14.49329
2025-05-27 05:41:00,108748.0,108782.61,108747.99,108782.61,2.82521
2025-05-27 05:42:00,108782.6,108803.41,108782.6,108803.4,1.88796
2025-05-27 05:43:00,108803.41,108836.77,108780.79,108782.6,11.2767
2025-05-27 05:44:00,108782.61,108782.61,108772.72,108772.72,1.74441
2025-05-27 05:45:00,108772.73,108773.97,108721.59,108727.28,6.24403
2025-05-27 05:46:00,108727.28,108779.26,108727.27,108761.28,3.09122
2025-05-27 05:47:00,108761.29,108782.24,108761.28,108778.6,1.89606
2025-05-27 05:48:00,108778.6,108850.3,108778.59,108850.3,2.38232
2025-05-27 05:49:00,108850.3,108863.63,108850.29,108863.62,3.61361
2025-05-27 05:50:00,108863.63,108913.05,108863.62,108904.76,16.9995
2025-05-27 05:51:00,108904.77,108913.04,108876.47,108906.84,7.51705
2025-05-27 05:52:00,108906.84,108936.59,108901.74,108917.4,8.28696
2025-05-27 05:53:00,108917.41,108968.79,108917.4,108968.78,18.17879
2025-05-27 05:54:00,108968.78,108969.76,108944.64,108944.65,9.0911
2025-05-27 05:55:00,108944.65,108951.63,108919.98,108925.56,7.75675
2025-05-27 05:56:00,108925.55,108938.61,108925.55,108938.61,1.59236
2025-05-27 05:57:00,108938.61,108938.62,108923.36,108931.77,2.64519
2025-05-27 05:58:00,108931.76,108931.77,108923.36,108923.36,0.89318
2025-05-27 05:59:00,108923.36,108923.36,108923.35,108923.36,0.30824
2025-05-27 06:00:00,108923.36,108962.67,108923.35,108962.67,5.22489
2025-05-27 06:01:00,108962.68,108981.87,108922.24,108929.98,5.58719
2025-05-27 06:02:00,108929.98,108973.22,108923.4,108950.8,3.2221
2025-05-27 06:03:00,108950.81,108987.04,108950.8,108987.04,1.64074
2025-05-27 06:04:00,108987.03,109052.0,108987.03,109052.0,7.45961
2025-05-27 06:05:00,109051.99,109132.02,109051.99,109132.02,13.17318
2025-05-27 06:06:00,109132.03,109225.0,109029.13,109047.41,44.4824
2025-05-27 06:07:00,109047.41,109110.58,108966.65,108970.73,15.11508
2025-05-27 06:08:00,108970.74,109022.41,108970.74,109022.4,9.51444
2025-05-27 06:09:00,109022.4,109100.0,109022.4,109031.26,20.01558
2025-05-27 06:10:00,109031.26,109102.65,109024.02,109062.04,10.08752
2025-05-27 06:11:00,109062.03,109072.92,109031.26,109045.46,7.96468
2025-05-27 06:12:00,109045.45,109149.0,109031.26,109147.75,14.92051
2025-05-27 06:13:00,109147.74,109155.03,109043.47,109057.04,15.94842
2025-05-27 06:14:00,109057.03,109139.98,109057.03,109128.24,8.11772
2025-05-27 06:15:00,109128.25,109173.92,109128.24,109159.37,8.50675
2025-05-27 06:16:00,109159.38,109178.0,109090.9,109090.91,15.42202
2025-05-27 06:17:00,109090.91,109090.91,108991.38,109056.22,14.56231
2025-05-27 06:18:00,109056.21,109056.22,108987.07,109004.16,15.03949
2025-05-27 06:19:00,109004.16,109014.49,108987.36,108987.37,6.03422
2025-05-27 06:20:00,108987.36,108987.37,108921.09,108921.1,6.17608
2025-05-27 06:21:00,108921.1,108976.0,108921.1,108961.9,17.19746
2025-05-27 06:22:00,108961.9,108987.08,108961.89,108975.66,4.0498
2025-05-27 06:23:00,108975.66,109000.0,108965.7,108991.14,19.09406
2025-05-27 06:24:00,108991.15,109076.6,108991.15,109076.59,6.27352
2025-05-27 06:25:00,109076.59,109095.21,109065.23,109081.5,6.98057
2025-05-27 06:26:00,109081.51,109116.01,109075.97,109095.21,28.05951
2025-05-27 06:27:00,109095.21,109114.04,109000.0,109034.0,44.39908
2025-05-27 06:28:00,109034.0,109036.41,108998.22,109018.39,9.14645
2025-05-27 06:29:00,109018.39,109105.02,109018.38,109105.02,19.97181
2025-05-27 06:30:00,109105.02,109150.0,109105.01,109135.01,6.24879
2025-05-27 06:31:00,109135.0,109198.86,109118.43,109118.43,11.44517
2025-05-27 06:32:00,109118.43,109168.0,109107.16,109152.26,11.10137
2025-05-27 06:33:00,109152.25,109187.57,109152.25,109186.39,69.95469
2025-05-27 06:34:00,109186.39,109205.17,109186.0,109205.16,20.3667
2025-05-27 06:35:00,109205.16,109248.4,109196.34,109239.99,77.77629
2025-05-27 06:36:00,109240.0,109290.03,109215.19,109215.2,60.4716
2025-05-27 06:37:00,109215.19,109215.19,109136.36,109151.82,12.60381
2025-05-27 06:38:00,109151.83,109176.1,109145.25,109174.57,19.05332
2025-05-27 06:39:00,109174.57,109174.58,109109.03,109135.41,13.572
2025-05-27 06:40:00,109135.42,109157.94,109135.41,109147.84,4.71003
2025-05-27 06:41:00,109147.85,109154.09,109147.84,109154.08,4.77051
2025-05-27 06:42:00,109154.09,109173.92,109154.09,109173.91,11.73711
2025-05-27 06:43:00,109173.91,109218.51,109173.91,109218.5,11.49138
2025-05-27 06:44:00,109218.5,109267.19,109218.5,109224.07,13.9774
2025-05-27 06:45:00,109224.07,109235.84,109168.5,109177.86,9.64655
2025-05-27 06:46:00,109177.86,109211.93,109148.4,109211.92,31.84267
2025-05-27 06:47:00,109211.93,109266.13,109211.92,109233.28,11.96507
2025-05-27 06:48:00,109233.28,109233.28,109161.93,109181.81,8.94172
2025-05-27 06:49:00,109181.81,109267.27,109181.81,109238.11,20.70556
2025-05-27 06:50:00,109238.1,109238.11,109201.29,109226.08,21.00731
2025-05-27 06:51:00,109226.07,109236.15,109160.63,109160.63,9.82145
2025-05-27 06:52:00,109160.64,109170.21,108980.01,108993.75,221.97132
2025-05-27 06:53:00,108993.76,109000.0,108876.65,108876.65,46.8308
2025-05-27 06:54:00,108876.66,108953.08,108876.65,108942.66,76.77068
2025-05-27 06:55:00,108942.66,108943.0,108868.48,108885.8,14.43755
2025-05-27 06:56:00,108884.83,108920.0,108842.87,108919.28,81.20938
2025-05-27 06:57:00,108919.28,108937.07,108861.48,108861.48,12.76916
2025-05-27 06:58:00,108861.48,108863.64,108826.08,108861.36,9.88193
2025-05-27 06:59:00,108861.37,108861.37,108828.19,108828.19,5.1802
2025-05-27 07:00:00,108828.18,108921.84,108828.18,108888.08,19.08814
2025-05-27 07:01:00,108888.08,108903.59,108870.47,108870.48,14.74305
2025-05-27 07:02:00,108870.48,108928.71,108870.47,108928.7,2.02216
2025-05-27 07:03:00,108928.7,108939.95,108881.0,108937.82,6.67938
2025-05-27 07:04:00,108937.82,108975.74,108937.81,108975.73,3.88094
2025-05-27 07:05:00,108975.73,108983.58,108951.28,108954.55,10.53916
2025-05-27 07:06:00,108954.54,109071.42,108954.54,109051.8,6.535
2025-05-27 07:07:00,109050.44,109119.36,109050.43,109108.28,6.50681
2025-05-27 07:08:00,109108.28,109108.29,109087.01,109099.99,1.3483
2025-05-27 07:09:00,109099.99,109100.0,109071.47,109071.48,2.87486
2025-05-27 07:10:00,109071.48,109099.34,109070.92,109070.92,3.22466
2025-05-27 07:11:00,109070.92,109070.93,109045.45,109070.66,4.21083
2025-05-27 07:12:00,109070.66,109070.67,109029.76,109059.89,5.85773
2025-05-27 07:13:00,109059.89,109059.89,108994.89,109007.42,12.08431
2025-05-27 07:14:00,109007.42,109060.9,109007.42,109060.9,4.5098
2025-05-27 07:15:00,109060.89,109098.95,109060.89,109098.94,4.91896
2025-05-27 07:16:00,109098.95,109131.68,109098.94,109128.0,9.99336
2025-05-27 07:17:00,109128.0,109136.36,109128.0,109130.43,1.78305
2025-05-27 07:18:00,109130.43,109130.44,109107.64,109107.64,4.71529
2025-05-27 07:19:00,109107.64,109169.04,109107.64,109111.85,10.21386
2025-05-27 07:20:00,109111.86,109144.43,109111.86,109144.42,7.07735
2025-05-27 07:21:00,109144.42,109198.7,109144.42,109197.22,22.76182
2025-05-27 07:22:00,109197.22,109201.75,109197.06,109201.09,11.48398
2025-05-27 07:23:00,109201.09,109201.1,109175.09,109199.47,4.69645
2025-05-27 07:24:00,109199.47,109199.48,109182.21,109182.21,2.23597
2025-05-27 07:25:00,109182.22,109198.81,109166.72,109198.81,14.44724
2025-05-27 07:26:00,109198.81,109278.33,109183.96,109183.96,19.9022
2025-05-27 07:27:00,109183.97,109183.97,109136.36,109162.61,4.19141
2025-05-27 07:28:00,109162.6,109196.4,109162.6,109191.85,5.87901
2025-05-27 07:29:00,109191.85,109191.86,109132.33,109173.22,7.01829
2025-05-27 07:30:00,109173.21,109237.74,109173.21,109237.73,7.9974
2025-05-27 07:31:00,109237.73,109362.7,109237.73,109362.69,21.68055
2025-05-27 07:32:00,109362.69,109362.7,109305.93,109318.17,22.76664
2025-05-27 07:33:00,109318.17,109338.1,109303.4,109304.77,36.5455
2025-05-27 07:34:00,109304.76,109330.01,109304.76,109320.0,25.16452
2025-05-27 07:35:00,109320.0,109358.36,109320.0,109358.35,16.82525
2025-05-27 07:36:00,109358.36,109380.85,109304.8,109320.11,34.82507
2025-05-27 07:37:00,109320.11,109363.24,109320.11,109363.24,26.14704
2025-05-27 07:38:00,109363.24,109380.96,109363.23,109380.96,3.22775
2025-05-27 07:39:00,109380.95,109439.14,109380.95,109439.13,12.577
2025-05-27 07:40:00,109439.13,109456.93,109421.1,109438.35,22.99087
2025-05-27 07:41:00,109438.34,109498.65,109409.28,109409.28,40.36342
2025-05-27 07:42:00,109409.28,109453.35,109409.09,109453.35,5.55144
2025-05-27 07:43:00,109453.34,109453.35,109412.29,109412.29,8.23659
2025-05-27 07:44:00,109412.29,109495.24,109394.6,109495.23,20.26541
2025-05-27 07:45:00,109495.23,109539.26,109484.28,109525.28,14.64352
2025-05-27 07:46:00,109526.2,109538.4,109505.71,109538.4,9.36389
2025-05-27 07:47:00,109538.39,109540.0,109521.73,109521.74,6.40633
2025-05-27 07:48:00,109521.73,109583.6,109521.73,109583.6,18.04266
2025-05-27 07:49:00,109583.59,109583.6,109562.26,109562.26,5.21337
2025-05-27 07:50:00,109562.27,109619.05,109562.26,109619.05,15.46481
2025-05-27 07:51:00,109619.04,109636.37,109613.78,109630.07,11.17058
2025-05-27 07:52:00,109630.06,109630.07,109595.21,109619.26,11.2477
2025-05-27 07:53:00,109619.25,109619.26,109514.49,109514.49,13.26878
2025-05-27 07:54:00,109514.49,109520.0,109483.32,109483.32,11.33911
2025-05-27 07:55:00,109483.32,109500.01,109469.29,109487.73,8.30856
2025-05-27 07:56:00,109487.73,109491.32,109478.26,109491.23,4.86494
2025-05-27 07:57:00,109491.23,109491.24,109455.7,109455.71,6.59296
2025-05-27 07:58:00,109455.7,109464.73,109454.54,109463.17,7.30121
2025-05-27 07:59:00,109463.17,109547.16,109456.5,109547.16,26.70869
2025-05-27 08:00:00,109540.0,109739.14,109540.0,109739.13,36.7543
2025-05-27 08:01:00,109739.13,109739.14,109728.16,109738.81,8.31128
2025-05-27 08:02:00,109738.8,109750.0,109738.8,109740.08,5.05014
2025-05-27 08:03:00,109740.08,109777.77,109708.9,109729.16,29.64856
2025-05-27 08:04:00,109729.15,109729.16,109689.83,109689.83,11.95772
2025-05-27 08:05:00,109689.83,109693.51,109578.36,109625.59,26.23359
2025-05-27 08:06:00,109625.6,109659.69,109624.81,109652.17,7.89753
2025-05-27 08:07:00,109652.17,109711.01,109652.17,109652.49,12.12075
2025-05-27 08:08:00,109652.49,109705.08,109652.48,109692.05,16.79247
2025-05-27 08:09:00,109692.04,109774.81,109685.89,109734.74,20.99204
2025-05-27 08:10:00,109734.75,109734.75,109682.65,109716.03,9.12722
2025-05-27 08:11:00,109716.03,109723.73,109669.58,109669.59,6.61351
2025-05-27 08:12:00,109669.58,109669.59,109643.8,109645.01,6.36353
2025-05-27 08:13:00,109645.01,109691.23,109645.0,109683.43,6.13826
2025-05-27 08:14:00,109683.43,109683.43,109653.18,109653.18,2.32858
2025-05-27 08:15:00,109653.18,109658.06,109636.36,109658.05,5.56099
2025-05-27 08:16:00,109658.05,109681.82,109652.47,109670.8,5.28134
2025-05-27 08:17:00,109670.8,109714.25,109670.8,109697.18,3.9807
2025-05-27 08:18:00,109697.17,109705.59,109663.21,109671.79,9.02543
2025-05-27 08:19:00,109671.79,109761.91,109667.44,109750.93,14.92049
2025-05-27 08:20:00,109750.93,109750.93,109647.87,109647.87,12.60474
2025-05-27 08:21:00,109647.88,109647.88,109619.52,109647.05,7.23343
2025-05-27 08:22:00,109647.04,109647.04,109608.7,109627.74,16.51074
2025-05-27 08:23:00,109627.75,109676.0,109627.74,109675.99,5.16613
2025-05-27 08:24:00,109675.99,109676.0,109659.06,109659.06,5.36342
2025-05-27 08:25:00,109659.06,109713.35,109659.06,109699.77,5.55358
2025-05-27 08:26:00,109699.77,109699.77,109652.48,109679.25,8.13762
2025-05-27 08:27:00,109679.26,109679.26,109665.62,109674.87,0.9324
2025-05-27 08:28:00,109674.88,109674.88,109660.5,109660.5,13.38405
2025-05-27 08:29:00,109660.5,109680.0,109660.4,109660.41,9.40222
2025-05-27 08:30:00,109660.41,109714.29,109660.4,109662.02,17.51937
2025-05-27 08:31:00,109662.03,109670.96,109571.42,109571.43,9.76871
2025-05-27 08:32:00,109571.42,109650.96,109565.21,109650.89,5.93738
2025-05-27 08:33:00,109650.9,109650.9,109609.12,109609.13,5.14005
2025-05-27 08:34:00,109609.13,109620.0,109598.62,109619.99,4.81959
2025-05-27 08:35:00,109620.0,109631.67,109582.26,109582.26,3.78754
2025-05-27 08:36:00,109582.27,109615.64,109565.22,109565.22,9.67099
2025-05-27 08:37:00,109565.22,109565.23,109492.59,109521.46,20.31789
2025-05-27 08:38:00,109521.47,109608.68,109521.46,109608.67,4.94077
2025-05-27 08:39:00,109608.68,109643.86,109608.68,109608.69,7.85311
2025-05-27 08:40:00,109608.7,109608.7,109608.69,109608.69,2.2835
2025-05-27 08:41:00,109608.69,109626.22,109608.69,109608.7,9.51674
2025-05-27 08:42:00,109608.69,109616.69,109608.69,109616.68,1.96486
2025-05-27 08:43:00,109616.68,109622.81,109595.33,109610.97,8.67083
2025-05-27 08:44:00,109610.97,109621.05,109543.59,109612.89,20.75561
2025-05-27 08:45:00,109612.89,109650.0,109612.88,109649.99,7.32738
2025-05-27 08:46:00,109649.99,109650.0,109649.99,109649.99,1.72873
2025-05-27 08:47:00,109649.99,109649.99,109638.06,109638.06,3.1145
2025-05-27 08:48:00,109638.06,109638.07,109638.06,109638.07,0.53327
2025-05-27 08:49:00,109638.06,109638.07,109594.24,109594.24,7.94159
2025-05-27 08:50:00,109594.24,109603.26,109576.47,109603.25,4.27213
2025-05-27 08:51:00,109603.25,109663.68,109591.15,109645.51,20.38409
2025-05-27 08:52:00,109645.51,109666.19,109632.34,109649.68,4.95852
2025-05-27 08:53:00,109649.68,109698.22,109637.74,109691.26,9.16149
2025-05-27 08:54:00,109691.26,109691.27,109650.19,109655.69,12.46929
2025-05-27 08:55:00,109655.69,109671.67,109637.87,109637.88,11.62587
2025-05-27 08:56:00,109637.88,109643.64,109637.6,109637.61,5.89841
2025-05-27 08:57:00,109637.61,109675.99,109637.6,109652.18,8.71107
2025-05-27 08:58:00,109652.18,109679.98,109640.82,109679.98,5.39964
2025-05-27 08:59:00,109679.99,109695.66,109679.98,109695.65,1.47915
2025-05-27 09:00:00,109695.66,109750.0,109695.66,109724.85,22.33882
2025-05-27 09:01:00,109724.85,109727.27,109711.5,109715.23,5.17595
2025-05-27 09:02:00,109715.23,109750.0,109715.23,109739.14,6.34389
2025-05-27 09:03:00,109739.15,109755.25,109739.14,109755.25,3.13342
2025-05-27 09:04:00,109755.24,109787.03,109755.24,109787.02,8.635
2025-05-27 09:05:00,109787.02,109789.0,109747.17,109747.17,6.90601
